ArticleID,Article Title,Article Link,Article Date,Article Image
1,Smaller EVs are key to save critical minerals: Study,https://www.downtoearth.org.in/news/energy/smaller-evs-are-key-to-save-critical-minerals-study-90744,"July 20,  2023",https://cdn.downtoearth.org.in/library/small/2023-07-20/0.40905600_1689856124_car.jpg
2,Wrongful FAME subsidy claims drive EV makers into trouble,https://www.downtoearth.org.in/news/energy/wrongful-fame-subsidy-claims-drive-ev-makers-into-trouble-90722,"July 19,  2023",https://cdn.downtoearth.org.in/library/small/2023-07-19/0.59839200_1689770762_scoo.jpg
3,World needs over $75 bn for a 75% slash in energy-related methane emissions,https://www.downtoearth.org.in/news/energy/world-needs-over-75-bn-for-a-75-slash-in-energy-related-methane-emissions-90403,"July 05,  2023",https://cdn.downtoearth.org.in/library/small/2023-07-05/0.89635500_1688540927_oil.jpg
4,How a lithium deal between two companies in France & UK is an opportunity for India's EV sector,https://www.downtoearth.org.in/news/energy/how-a-lithium-deal-between-two-companies-in-france-uk-is-an-opportunity-for-india-s-ev-sector-90333,"June 30,  2023",https://cdn.downtoearth.org.in/library/small/2023-06-30/0.40618900_1688126501_istock-1323182179.jpg
5,Minerals Security Partnership: India joins the critical minerals club. Here’s why this is important,https://www.downtoearth.org.in/news/energy/minerals-security-partnership-india-joins-the-critical-minerals-club-here-s-why-this-is-important-90278,"June 27,  2023",https://cdn.downtoearth.org.in/library/small/2023-06-27/0.16722700_1687861391_istock-1272885374.jpg
6,"Study finds eight coal-fired thermal plants in India stranded liabilities, recommends acquisition by NTPC",https://www.downtoearth.org.in/news/energy/study-finds-eight-coal-fired-thermal-plants-in-india-stranded-liabilities-recommends-acquisition-by-ntpc-90218,"June 23,  2023",https://cdn.downtoearth.org.in/library/small/2023-06-23/0.66707100_1687501826_istock-510005400.jpg
7,CSE calls for decentralised and distributed deployment of renewable energy in Northeast India,https://www.downtoearth.org.in/news/energy/cse-calls-for-decentralised-and-distributed-deployment-of-renewable-energy-in-northeast-india-90238,"June 23,  2023",https://cdn.downtoearth.org.in/library/small/2023-06-24/0.05535500_1687591991_meghalaya.jpg
8,Extreme weather increasingly disrupted generation of nuclear power in last 30 years: State of the Climate in Europe 2022,https://www.downtoearth.org.in/news/energy/extreme-weather-increasingly-disrupted-generation-of-nuclear-power-in-last-30-years-state-of-the-climate-in-europe-2022-90190,"June 21,  2023",https://cdn.downtoearth.org.in/library/small/2023-06-21/0.08537600_1687357281_hungary.jpg
9,Private sector aggressively pursuing production of green hydrogen: Hardeep Singh Puri at G20 event,https://www.downtoearth.org.in/news/energy/private-sector-aggressively-pursuing-production-of-green-hydrogen-hardeep-singh-puri-at-g20-event-90039,"June 14,  2023",https://cdn.downtoearth.org.in/library/small/2023-06-14/0.41715700_1686761882_fatih.jpg
10,"High road to COP28: Ditch carbon capture tech, set end date for oil & gas production, report to developed nations",https://www.downtoearth.org.in/news/energy/high-road-to-cop28-ditch-carbon-capture-tech-set-end-date-for-oil-gas-production-report-to-developed-nations-89906,"June 08,  2023",https://cdn.downtoearth.org.in/library/small/2023-06-08/0.67680100_1686221993_istock-1191091657.jpg
11,"SDG 7: World still off-track from achieving universal energy access to all, says UN report",https://www.downtoearth.org.in/news/energy/sdg-7-world-still-off-track-from-achieving-universal-energy-access-to-all-says-un-report-89856,"June 06,  2023",https://cdn.downtoearth.org.in/library/small/2023-06-06/0.13863100_1686059914_istock-483768901.jpg
12,"Decentralised clean energy tech can impact 37 mn livelihoods in India’s agri, textile sectors: Study",https://www.downtoearth.org.in/news/energy/decentralised-clean-energy-tech-can-impact-37-mn-livelihoods-in-india-s-agri-textile-sectors-study-89516,"May 23,  2023",https://cdn.downtoearth.org.in/library/small/2023-05-23/0.32134400_1684843601_solar.jpg
13,"India’s compressed biogas sector needs a big push, says ETAC report",https://www.downtoearth.org.in/news/energy/india-s-compressed-biogas-sector-needs-a-big-push-says-etac-report-89512,"May 23,  2023",https://cdn.downtoearth.org.in/library/small/2023-05-23/0.00870700_1684837851_bio.jpg
14,Electric two-wheeler subsidy cut to hurt mass adoption of EVs,https://www.downtoearth.org.in/news/energy/electric-two-wheeler-subsidy-cut-to-hurt-mass-adoption-of-evs-89511,"May 23,  2023",https://cdn.downtoearth.org.in/library/small/2023-05-23/0.36330000_1684837291_istock-1409897250.jpg
15,Italian oil major ENI lobbied for more fossil fuels despite 1970 internal report warning of dangers; faces lawsuit,https://www.downtoearth.org.in/news/energy/italian-oil-major-eni-lobbied-for-more-fossil-fuels-despite-1970-internal-report-warning-of-dangers-faces-lawsuit-89428,"May 18,  2023",https://cdn.downtoearth.org.in/library/small/2023-05-18/0.86413900_1684405858_istock-1454644166.jpg
16,"India among top 5 countries developing oil pipelines, 49% of projects in Africa and Middle East: Report",https://www.downtoearth.org.in/news/energy/india-among-top-5-countries-developing-oil-pipelines-49-of-projects-in-africa-and-middle-east-report-89267,"May 11,  2023",https://cdn.downtoearth.org.in/library/small/2023-05-11/0.45203400_1683804240_istock-640322960.jpg
17,"Coal’s share in India’s power mix to decline to half by 2030, renewables to meet new demand: CEA",https://www.downtoearth.org.in/news/energy/coal-s-share-in-india-s-power-mix-to-decline-to-half-by-2030-renewables-to-meet-new-demand-cea-89222,"May 10,  2023",https://cdn.downtoearth.org.in/library/small/2023-05-10/0.45800700_1683704015_istock-683992648-(1).jpg
18,NTPC records 148% growth in coal production from its mines compared to April last year: Power ministry,https://www.downtoearth.org.in/news/energy/ntpc-records-148-growth-in-coal-production-from-its-mines-compared-to-april-last-year-power-ministry-89100,"May 03,  2023",https://cdn.downtoearth.org.in/library/small/2023-05-03/0.42382300_1683132567_jharia.jpg
19,India’s sustainable jet fuel may get internationally certified in 2023,https://www.downtoearth.org.in/news/energy/india-s-sustainable-jet-fuel-may-get-internationally-certified-in-2023-88994,"April 27,  2023",https://cdn.downtoearth.org.in/library/small/2023-04-27/0.49686000_1682586894_istock-1372488167.jpg
20,World’s 60 largest banks pumped $5.5 trillion into fossil fuels after the Paris Agreement: Report,https://www.downtoearth.org.in/news/energy/world-s-60-largest-banks-pumped-5-5-trillion-into-fossil-fuels-after-the-paris-agreement-report-88759,"April 14,  2023",https://cdn.downtoearth.org.in/library/small/2023-04-14/0.91153600_1681466036_istock-1072530600.jpg
21,Fossil fuel lobby behind EU’s dash for not-so-green hydrogen: Report,https://www.downtoearth.org.in/news/energy/fossil-fuel-lobby-behind-eu-s-dash-for-not-so-green-hydrogen-report-88511,"March 28,  2023",https://cdn.downtoearth.org.in/library/small/2023-03-28/0.98938500_1680001765_istock-1306857149.jpg
22,"Two years from now, India will see biggest percentage growth in energy consumption: IEA",https://www.downtoearth.org.in/news/energy/two-years-from-now-india-will-see-biggest-percentage-growth-in-energy-consumption-iea-87769,"February 17,  2023",https://cdn.downtoearth.org.in/library/small/2023-02-17/0.15723900_1676619667_wind.jpg
23,Widespread natural gas adoption in Africa can create millions of jobs: Study,https://www.downtoearth.org.in/news/energy/widespread-natural-gas-adoption-in-africa-can-create-millions-of-jobs-study-87749,"February 16,  2023",https://cdn.downtoearth.org.in/library/small/2023-02-16/0.43549800_1676548023_gas.jpg
24,PM at India Energy Week launch: Ethanol blending allowed up to 20% in petrol,https://www.downtoearth.org.in/news/energy/pm-at-india-energy-week-launch-ethanol-blending-allowed-up-to-20-in-petrol-87512,"February 06,  2023",https://cdn.downtoearth.org.in/library/small/2023-02-06/0.60866500_1675690378_modi.jpg
25,Budget 2023-24: Customs duty waived for machinery required to manufacture lithium-ion cells for batteries,https://www.downtoearth.org.in/news/energy/budget-2023-24-customs-duty-waived-for-machinery-required-to-manufacture-lithium-ion-cells-for-batteries-87463,"February 02,  2023",https://cdn.downtoearth.org.in/library/small/2023-02-02/0.57608000_1675350811_ev.jpg
26,"Budget 2023-24: Rs 10,000 crore for 500 compressed biogas plants",https://www.downtoearth.org.in/news/energy/budget-2023-24-rs-10-000-crore-for-500-compressed-biogas-plants-87454,"February 02,  2023",https://cdn.downtoearth.org.in/library/small/2023-02-02/0.90695700_1675337902_istock-505622109.jpg
27,Economic Survey 2022-23: Production of coal to cross 900 million tonnes next financial year,https://www.downtoearth.org.in/news/energy/economic-survey-2022-23-production-of-coal-to-cross-900-million-tonnes-next-financial-year-87405,"January 31,  2023",https://cdn.downtoearth.org.in/library/small/2023-01-31/0.00628500_1675171269_coo.jpg
28,"At $1.1 trillion, renewable energy investment matches fossil fuels in 2022 for 1st time: BloombergNEF",https://www.downtoearth.org.in/news/energy/at-1-1-trillion-renewable-energy-investment-matches-fossil-fuels-in-2022-for-1st-time-bloombergnef-87355,"January 27,  2023",https://cdn.downtoearth.org.in/library/small/2023-01-27/0.79726700_1674823304_istock-1032683612.jpg
29,"Asia-Pacific’s automobile companies discussed EVs 28% more in 2022 than last year, data shows",https://www.downtoearth.org.in/news/energy/asia-pacific-s-automobile-companies-discussed-evs-28-more-in-2022-than-last-year-data-shows-87299,"January 24,  2023",https://cdn.downtoearth.org.in/library/small/2023-01-24/0.31487500_1674545493_istock-1309681921.jpg
30,"India’s vehicle industry needs EV mandate, finds CSE study",https://www.downtoearth.org.in/news/energy/india-s-vehicle-industry-needs-ev-mandate-finds-cse-study-87160,"January 16,  2023",https://cdn.downtoearth.org.in/library/small/2023-01-16/0.18269300_1673868541_istock-1309681921.jpg
31,Union Cabinet approves National Green Hydrogen Mission,https://www.downtoearth.org.in/news/energy/union-cabinet-approves-national-green-hydrogen-mission-86949,"January 04,  2023",https://cdn.downtoearth.org.in/library/small/2023-01-04/0.92266000_1672850653_anurag.jpg
32,"New MoEFCC notification on fly ash includes solar, wind power plants for reclamation",https://www.downtoearth.org.in/news/energy/new-moefcc-notification-on-fly-ash-includes-solar-wind-power-plants-for-reclamation-86920,"January 03,  2023",https://cdn.downtoearth.org.in/library/small/2023-01-03/0.72331800_1672750213_istock-1256653222.jpg
33,"2022 too short, too far: How close did the world move towards the clean energy dream?",https://www.downtoearth.org.in/news/energy/2022-too-short-too-far-how-close-did-the-world-move-towards-the-clean-energy-dream--86828,"December 28,  2022",https://cdn.downtoearth.org.in/library/small/2022-12-28/0.91302700_1672233216_istock-1012160600-(1).jpg
34,Indian Oil reported 113 major accidents during fuel transport in 2014-19: CAG,https://www.downtoearth.org.in/news/energy/indian-oil-reported-113-major-accidents-during-fuel-transport-in-2014-19-cag-86806,"December 27,  2022",https://cdn.downtoearth.org.in/library/small/2022-12-27/0.79158100_1672139788_istock-157181251.jpg
35,India’s coal production to surpass a billion tonnes by 2025: IEA annual report,https://www.downtoearth.org.in/news/energy/india-s-coal-production-to-surpass-a-billion-tonnes-by-2025-iea-annual-report-86627,"December 17,  2022",https://cdn.downtoearth.org.in/library/small/2022-12-17/0.03642000_1671218075_coal.jpg
36,Indian thermal power plants got Rs 7.62 lakh crore in loans in 17 years: Report,https://www.downtoearth.org.in/news/energy/indian-thermal-power-plants-got-rs-7-62-lakh-crore-in-loans-in-17-years-report-86610,"December 16,  2022",https://cdn.downtoearth.org.in/library/small/2022-12-16/0.09938000_1671177036_istock-1177037315.jpg
37,Rajya Sabha passes Energy Conservation (Amendment) Bill,https://www.downtoearth.org.in/news/energy/rajya-sabha-passes-energy-conservation-amendment-bill-86523,"December 12,  2022",https://cdn.downtoearth.org.in/library/small/2022-12-12/0.16181100_1670858689_34.jpg
38,"As told to Parliament (December 8, 2022): Annual PM10 levels dropped in 95 cities this year",https://www.downtoearth.org.in/news/energy/as-told-to-parliament-december-8-2022-annual-pm10-levels-dropped-in-95-cities-this-year-86454,"December 08,  2022",https://cdn.downtoearth.org.in/library/small/2022-12-08/0.68627400_1670497467_parliament.jpg
39,"Net Zero by 2050 possible, but clean energy investments need to outweigh fossils fast: Report",https://www.downtoearth.org.in/news/energy/net-zero-by-2050-possible-but-clean-energy-investments-need-to-outweigh-fossils-fast-report-86335,"December 02,  2022",https://cdn.downtoearth.org.in/library/small/2022-12-02/0.87317800_1669983996_istock-1388420740.jpg
40,Can Bio-CNG click: Here is a look into the challenges faced by this technology,https://www.downtoearth.org.in/news/energy/can-bio-cng-click-here-is-a-look-into-the-challenges-faced-by-this-technology-86283,"November 30,  2022",https://cdn.downtoearth.org.in/library/small/2022-11-30/0.42180700_1669817612_gas-cascades.jpg
41,Can Bio-CNG click: A primer on this coming of age tech that can deal with air pollution at 3 levels,https://www.downtoearth.org.in/news/energy/can-bio-cng-click-a-primer-on-this-coming-of-age-tech-that-can-deal-with-air-pollution-at-3-levels-86258,"November 29,  2022",https://cdn.downtoearth.org.in/library/small/2022-11-29/0.45797800_1669722760_cbg-cascades.jpg
42,"Can Bio-CNG click: Indore plant reducing air pollution, but odour remains a challenge",https://www.downtoearth.org.in/news/energy/can-bio-cng-click-indore-plant-reducing-air-pollution-but-odour-remains-a-challenge-86256,"November 29,  2022",https://cdn.downtoearth.org.in/library/small/2022-11-29/0.26012100_1669718376_gas-storage-balloon.jpg
43,Net Zero by 2070: India still has 99 coal projects in pipeline,https://www.downtoearth.org.in/news/energy/net-zero-by-2070-india-still-has-99-coal-projects-in-pipeline-85464,"October 14,  2022",https://cdn.downtoearth.org.in/library/small/2022-10-14/0.91752800_1665728374_coal.jpg
44,Production linked incentives no silver bullet for India’s solar sector,https://www.downtoearth.org.in/news/energy/production-linked-incentives-no-silver-bullet-for-india-s-solar-sector-85237,"September 30,  2022",https://cdn.downtoearth.org.in/library/small/2022-09-30/0.63783100_1664534619_module.jpg
45,New Battery Waste Management Rules make producers accountable for recycling,https://www.downtoearth.org.in/news/energy/new-battery-waste-management-rules-make-producers-accountable-for-recycling-85115,"September 26,  2022",https://cdn.downtoearth.org.in/library/small/2022-09-26/0.28174200_1664173597_istock-157999226.jpg
46,How solar is powering UAE towards sustainability,https://www.downtoearth.org.in/news/energy/how-solar-is-powering-uae-towards-sustainability-85039,"September 21,  2022",https://cdn.downtoearth.org.in/library/small/mdvddp036/dig044179.jpg
47,Freedom fuel: This Pune entrepreneur spawned a quiet clean cooking revolution; here is how,https://www.downtoearth.org.in/news/energy/freedom-fuel-this-pune-entrepreneur-spawned-a-quiet-clean-cooking-revolution-here-is-how-84586,"September 18,  2022",https://cdn.downtoearth.org.in/library/small/2022-08-29/0.86881400_1661757207_p10dlpix-photo-2022-06-30-14-40-08.jpg
48,"UK announces ‘Energy Price Guarantee’, supports shale gas & oil",https://www.downtoearth.org.in/news/energy/uk-announces-energy-price-guarantee-supports-shale-gas-oil-84838,"September 09,  2022",https://cdn.downtoearth.org.in/library/small/2022-09-09/0.84634700_1662713404_liz-truss.jpg
49,Climate goals at stake: State support for fossil fuels almost doubled in 2021,https://www.downtoearth.org.in/news/energy/climate-goals-at-stake-state-support-for-fossil-fuels-almost-doubled-in-2021-84613,"August 30,  2022",https://cdn.downtoearth.org.in/library/small/2022-08-30/0.51425000_1661852120_fossil.jpg
50,Fuelling problems: India’s poor are being forced to return to unclean cooking fuels; here’s why,https://www.downtoearth.org.in/news/energy/fuelling-problems-india-s-poor-are-being-forced-to-return-to-unclean-cooking-fuels-here-s-why-84350,"August 28,  2022",https://cdn.downtoearth.org.in/library/small/2022-08-24/0.74342800_1661336463_p14dlpix-img_7491.jpg
51,Are we equipped to meet 2022 deadline on emission standards?,https://www.downtoearth.org.in/news/energy/are-we-equipped-to-meet-2022-deadline-on-emission-standards--84449,"August 22,  2022",https://cdn.downtoearth.org.in/library/small/2022-08-22/0.62481300_1661165860_plants.jpg
52,All you need to know about the energy conservation bill,https://www.downtoearth.org.in/news/energy/all-you-need-to-know-about-the-energy-conservation-bill-84362,"August 17,  2022",https://cdn.downtoearth.org.in/library/small/2022-08-17/0.62965100_1660739907_solar.jpg
53,"CAG finds irregularities, violation of environmental norms by power generation companies",https://www.downtoearth.org.in/news/energy/cag-finds-irregularities-violation-of-environmental-norms-by-power-generation-companies-84143,"August 03,  2022",https://cdn.downtoearth.org.in/library/small/2022-08-03/0.71299100_1659544485_0.jpg
54,"Ujjwala: Over 9 million beneficiaries did not refill cylinder last year, Centre admits",https://www.downtoearth.org.in/news/energy/ujjwala-over-9-million-beneficiaries-did-not-refill-cylinder-last-year-centre-admits-84130,"August 03,  2022",https://cdn.downtoearth.org.in/library/small/2022-08-03/0.20271900_1659539827_0.jpeg
55,Green energy: Govt reduces open access transaction limit to 100 KW,https://www.downtoearth.org.in/news/energy/green-energy-govt-reduces-open-access-transaction-limit-to-100-kw-83878,"July 22,  2022",https://cdn.downtoearth.org.in/library/small/2022-03-16/0.61940900_1647409840_solar-panel-cleaning.jpg
56,Ground report: Stiff LPG rates take clean cooking fuel out of reach for the poor,https://www.downtoearth.org.in/news/energy/ground-report-stiff-lpg-rates-take-clean-cooking-fuel-out-of-reach-for-the-poor-83738,"July 15,  2022",https://cdn.downtoearth.org.in/library/small/2022-07-15/0.01839200_1657887643_lpg_1.png
57,China to dominate 95% of solar panel supply chain,https://www.downtoearth.org.in/news/energy/china-to-dominate-95-of-solar-panel-supply-chain-83651,"July 11,  2022",https://cdn.downtoearth.org.in/library/small/2022-07-11/0.22138600_1657532599_solar-dte.jpg
58,"Greenwash? EU labels certain uses of nuclear energy, natural gas ‘sustainable’",https://www.downtoearth.org.in/news/energy/greenwash-eu-labels-certain-uses-of-nuclear-energy-natural-gas-sustainable--83608,"July 07,  2022",https://cdn.downtoearth.org.in/library/small/2022-07-07/0.95418800_1657206196_ursula.jpg
59,"Don’t use power for 2 hours every evening, if you have a choice, Oz energy minister to citizens",https://www.downtoearth.org.in/news/energy/don-t-use-power-for-2-hours-every-evening-if-you-have-a-choice-oz-energy-minister-to-citizens-83324,"June 16,  2022",https://cdn.downtoearth.org.in/library/small/2022-06-16/0.72472600_1655391073_bowen.jpg
60,Biomass co-firing: Why India’s target for coal power plants is challenging,https://www.downtoearth.org.in/news/energy/biomass-co-firing-why-india-s-target-for-coal-power-plants-is-challenging-83261,"June 13,  2022",https://cdn.downtoearth.org.in/library/small/2022-06-13/0.34655000_1655110968_thermal-power-plant-biomass.png
61,How to decarbonise defence: International Military Council shares guidelines,https://www.downtoearth.org.in/news/energy/how-to-decarbonise-defence-international-military-council-shares-guidelines-83221,"June 09,  2022",https://cdn.downtoearth.org.in/library/small/2022-06-09/0.24442800_1654769491_istock-1219735603.jpg
62,Biomass electricity: New boiler technology enables use of all agricultural residue,https://www.downtoearth.org.in/news/energy/biomass-electricity-new-boiler-technology-enables-use-of-all-agricultural-residue-83113,"June 01,  2022",https://cdn.downtoearth.org.in/library/small/2022-06-01/0.40339900_1654082989_istock-1280285979.jpg
63,Kerala registers car that runs on hydrogen fuel — 1st in country,https://www.downtoearth.org.in/news/energy/kerala-registers-car-that-runs-on-hydrogen-fuel-1st-in-country-83111,"June 01,  2022",https://cdn.downtoearth.org.in/library/small/2022-06-01/0.68248000_1654076156_istock-1351651999.jpg
64,‘Environmental clearance for Deucha Pachami coal project may take close to 3 years’,https://www.downtoearth.org.in/news/energy/-environmental-clearance-for-deucha-pachami-coal-project-may-take-close-to-3-years--81868,"March 09,  2022",https://cdn.downtoearth.org.in/library/small/2022-03-09/0.93625600_1646814399_34.jpg
65,Russia-Ukraine war to have ‘ripple effects’ on India’s fuel prices: Experts,https://www.downtoearth.org.in/news/energy/russia-ukraine-war-to-have-ripple-effects-on-india-s-fuel-prices-experts-81714,"February 25,  2022",https://cdn.downtoearth.org.in/library/small/2022-02-25/0.32460400_1645792985_45.jpg
66,Bihar’s first floating power plant in Darbhanga to be commissioned soon,https://www.downtoearth.org.in/news/energy/bihar-s-first-floating-power-plant-in-darbhanga-to-be-commissioned-soon-81677,"February 24,  2022",https://cdn.downtoearth.org.in/library/small/2022-02-24/0.22207200_1645686392_233.jpg
67,India’s coal demand to increase to 1.5 billion tonnes by 2030: Economic Survey 2021-22,https://www.downtoearth.org.in/news/energy/india-s-coal-demand-to-increase-to-1-5-billion-tonnes-by-2030-economic-survey-2021-22-81393,"February 03,  2022",https://cdn.downtoearth.org.in/library/small/2022-02-03/0.46290600_1643882390_coal-use.jpg
68,Union Budget 2022-23: National biomass co-firing policy mooted by CSE in focus,https://www.downtoearth.org.in/news/energy/union-budget-2022-23-national-biomass-co-firing-policy-mooted-by-cse-in-focus-81349,"February 01,  2022",https://cdn.downtoearth.org.in/library/small/2022-02-01/0.74658800_1643708654_istock-1250597396.jpg
69,How surging oil prices threaten world’s climate goals,https://www.downtoearth.org.in/news/energy/how-surging-oil-prices-threaten-world-s-climate-goals-81330,"January 31,  2022",https://cdn.downtoearth.org.in/library/small/2022-01-31/0.32382500_1643628747_istock-667734054.jpg
70,Bioenergy crops create cooling effect on cultivated areas: Study,https://www.downtoearth.org.in/news/energy/bioenergy-crops-create-cooling-effect-on-cultivated-areas-study-80938,"January 03,  2022",https://cdn.downtoearth.org.in/library/small/2022-01-03/0.30413500_1641194064_istock-1011284088.jpg
71,"Record demand for coal power in 2021, way off Net Zero: IEA",https://www.downtoearth.org.in/news/energy/record-demand-for-coal-power-in-2021-way-off-net-zero-iea-80791,"December 21,  2021",https://cdn.downtoearth.org.in/library/small/2021-12-21/0.81516000_1640089272_istock-1089801930.jpg
72,Nepal’s first hydropower from a glacial lake,https://www.downtoearth.org.in/news/energy/nepal-s-first-hydropower-from-a-glacial-lake-80250,"November 17,  2021",https://cdn.downtoearth.org.in/library/small/2021-11-17/0.27290200_1637140582_langtang-lake-cover.jpg
73,Fossil fuels: Borrowed time,https://www.downtoearth.org.in/news/energy/fossil-fuels-borrowed-time-79874,"October 26,  2021",https://cdn.downtoearth.org.in/library/small/2021-10-26/0.18997800_1635242819_22-2_20211115_climate-change.jpg
74,"Coal shortage: With energy prices at record high, will global energy crisis deepen",https://www.downtoearth.org.in/news/energy/coal-shortage-with-energy-prices-at-record-high-will-global-energy-crisis-deepen-79682,"October 13,  2021",https://cdn.downtoearth.org.in/library/small/2021-10-13/0.52707300_1634121331_0.jpg
75,Coal shortage: A dozen states edging towards power crises,https://www.downtoearth.org.in/news/energy/coal-shortage-a-dozen-states-edging-towards-power-crises-79664,"October 12,  2021",https://cdn.downtoearth.org.in/library/small/2021-10-12/0.77906100_1634045798_0.jpg
76,"Coal shortage: Centre may have tried to calm fears, but data suggests otherwise",https://www.downtoearth.org.in/news/energy/coal-shortage-centre-may-have-tried-to-calm-fears-but-data-suggests-otherwise-79639,"October 11,  2021",https://cdn.downtoearth.org.in/library/small/2021-10-11/0.26900200_1633954539_0.jpg
77,Clean vehicles: Study reinforces need to quickly move to EVs,https://www.downtoearth.org.in/news/energy/clean-vehicles-study-reinforces-need-to-quickly-move-to-evs-79477,"October 01,  2021",https://cdn.downtoearth.org.in/library/small/2021-08-16/0.02121700_1629105771_mh002119.jpg
78,Ola Electric receives half a million pre-orders for its forthcoming electric scooter,https://www.downtoearth.org.in/news/energy/ola-electric-receives-half-a-million-pre-orders-for-its-forthcoming-electric-scooter-78983,"September 10,  2021",https://cdn.downtoearth.org.in/library/small/2021-09-10/0.17456400_1631285432_ola.jpg
79,"This World EV Day, electric vehicles have no dearth of takers",https://www.downtoearth.org.in/news/energy/this-world-ev-day-electric-vehicles-have-no-dearth-of-takers-78922,"September 09,  2021",https://cdn.downtoearth.org.in/library/small/2021-09-09/0.08564300_1631205038_34.jpg
80,More power to you: Why Botswana should go green,https://www.downtoearth.org.in/news/energy/more-power-to-you-why-botswana-should-go-green-78766,"September 01,  2021",https://cdn.downtoearth.org.in/library/small/2021-09-01/0.67967300_1630481978_botswana.jpg
81,Power demand is back and it is not all green,https://www.downtoearth.org.in/news/energy/power-demand-is-back-and-it-is-not-all-green-78652,"August 26,  2021",https://cdn.downtoearth.org.in/library/small/2021-08-26/0.44141800_1629963817_global-warming1.jpg
82,Kolkata rolls out CNG buses,https://www.downtoearth.org.in/news/energy/kolkata-rolls-out-cng-buses-78389,"August 10,  2021",https://cdn.downtoearth.org.in/library/small/2021-08-10/0.81018400_1628594452_howrah.jpg
83,"Small distributed solar projects not eligible for subsidy, Gujarat Urja Vikas Nigam clarifies",https://www.downtoearth.org.in/news/energy/small-distributed-solar-projects-not-eligible-for-subsidy-gujarat-urja-vikas-nigam-clarifies-78262,"August 03,  2021",https://cdn.downtoearth.org.in/library/small/2021-08-03/0.72233300_1627996276_solar-industry.jpg
84,Experts seek reassessment of Power Finance Corp’s annual discoms rating,https://www.downtoearth.org.in/news/energy/experts-seek-reassessment-of-power-finance-corp-s-annual-discoms-rating-78014,"July 19,  2021",https://cdn.downtoearth.org.in/library/small/2021-07-19/0.76302500_1626683946_78.jpg
85,Invest big to clean up 80% power in US: Study,https://www.downtoearth.org.in/news/energy/invest-big-to-clean-up-80-power-in-us-study-77926,"July 13,  2021",https://cdn.downtoearth.org.in/library/small/2021-07-13/0.62605200_1626177425_0.jpg
86,South Africa’s Eskom seeks $10 billion for strategic closure; transition to renewables,https://www.downtoearth.org.in/news/energy/south-africa-s-eskom-seeks-10-billion-for-strategic-closure-transition-to-renewables-77766,"July 02,  2021",https://cdn.downtoearth.org.in/library/small/2021-07-02/0.72130400_1625238011_23.jpg
87,Renewable energy in India: Capacity addition halved in 2020,https://www.downtoearth.org.in/news/energy/renewable-energy-in-india-capacity-addition-halved-in-2020-76878,"May 12,  2021",https://cdn.downtoearth.org.in/library/small/2021-05-12/0.90622300_1620802971_0.jpg
88,From Petro to Electro: Why hydrogen could be the fuel of the future,https://www.downtoearth.org.in/news/energy/from-petro-to-electro-why-hydrogen-could-be-the-fuel-of-the-future-76453,"April 20,  2021",https://cdn.downtoearth.org.in/library/small/2021-04-13/0.76277100_1618314302_p42-43illu-5-hydrogen.jpg
89,From Petro to Electro: How prepared is India to ride the energy transition wave?,https://www.downtoearth.org.in/news/energy/from-petro-to-electro-how-prepared-is-india-to-ride-the-energy-transition-wave--76452,"April 19,  2021",https://cdn.downtoearth.org.in/library/small/2021-04-13/0.84156900_1618313817_p36-37illu-3-india-battery.jpg
90,Petro to Electro: It is the Dragon vs the Rest on critical minerals,https://www.downtoearth.org.in/news/energy/petro-to-electro-it-is-the-dragon-vs-the-rest-on-critical-minerals-76451,"April 16,  2021",https://cdn.downtoearth.org.in/library/small/2021-04-13/0.71663000_1618311822_p24-25illu-2geopolitics.jpg
91,"Petro to Electro: A new transition that will change the world, has begun",https://www.downtoearth.org.in/news/energy/petro-to-electro-a-new-transition-that-will-change-the-world-has-begun-76450,"April 14,  2021",https://cdn.downtoearth.org.in/library/small/2021-04-13/0.13676800_1618310379_p04illu-energy-cover2.jpg
92,"Talcher thermal power plant shuts down, NTPC says modern unit will replace it",https://www.downtoearth.org.in/news/energy/talcher-thermal-power-plant-shuts-down-ntpc-says-modern-unit-will-replace-it-76269,"April 02,  2021",https://cdn.downtoearth.org.in/library/small/2021-04-02/0.50913600_1617359508_talcher.jpeg
93,Wind power capacity needs to grow at thrice the current speed to reach net zero: Report,https://www.downtoearth.org.in/news/energy/wind-power-capacity-needs-to-grow-at-thrice-the-current-speed-to-reach-net-zero-report-76188,"March 30,  2021",https://cdn.downtoearth.org.in/library/small/2021-03-30/0.33208200_1617084616_wind-energy.jpeg
94,Wind power in India: Report blames COVID-19 pandemic for slowest growth in decade,https://www.downtoearth.org.in/news/energy/wind-power-in-india-report-blames-covid-19-pandemic-for-slowest-growth-in-decade-75654,"February 24,  2021",https://cdn.downtoearth.org.in/library/small/2014-12-01/dig052220.jpg
95,"India at the center of world energy stage, will experience gains: IEA director",https://www.downtoearth.org.in/news/energy/india-at-the-center-of-world-energy-stage-will-experience-gains-iea-director-75499,"February 11,  2021",https://cdn.downtoearth.org.in/library/small/2021-02-11/0.49562100_1613042927_energy.jpg
96,"Clean energy, renewables, stubble burning: What the Union Budget 2021-22 missed",https://www.downtoearth.org.in/news/energy/clean-energy-renewables-stubble-burning-what-the-union-budget-2021-22-missed-75318,"February 02,  2021",https://cdn.downtoearth.org.in/library/small/2020-12-11/0.43085200_1607678724_fossil-fuel.jpg
97,Union Budget 2021-22: India to launch Hydrogen Energy Mission,https://www.downtoearth.org.in/news/energy/union-budget-2021-22-india-to-launch-hydrogen-energy-mission-75314,"February 01,  2021",https://cdn.downtoearth.org.in/library/small/2021-02-01/0.56761400_1612199121_7.jpg
98,Union Budget 2021-22 earmarks Rs 3 lakh crore to power sector recovery,https://www.downtoearth.org.in/news/energy/union-budget-2021-22-earmarks-rs-3-lakh-crore-to-power-sector-recovery-75288,"February 01,  2021",https://cdn.downtoearth.org.in/library/small/2021-02-01/0.50095200_1612176662_power.jpg
99,Clean push: Why compressed biogas has an edge over CNG,https://www.downtoearth.org.in/news/energy/clean-push-why-compressed-biogas-has-an-edge-over-cng-74874,"January 20,  2021",https://cdn.downtoearth.org.in/library/small/2021-01-04/0.45370800_1609755185_p18dlpix-dsc_6967.jpg
100,"Coal here to stay, but measures can cut down emissions by 22%: CSE",https://www.downtoearth.org.in/news/energy/coal-here-to-stay-but-measures-can-cut-down-emissions-by-22-cse-74640,"December 14,  2020",https://cdn.downtoearth.org.in/library/small/2017-03-22/0.90108300_1490164903_dig059784.jpg
101,COVID-19 to slow decarbonisation in emerging markets: BloombergNEF report,https://www.downtoearth.org.in/news/energy/covid-19-to-slow-decarbonisation-in-emerging-markets-bloombergnef-report-74586,"December 10,  2020",https://cdn.downtoearth.org.in/library/small/2020-12-10/0.50757000_1607578610_solar.jpg
102,COVID-19 slowed global progress on energy efficiency: IEA report,https://www.downtoearth.org.in/news/energy/covid-19-slowed-global-progress-on-energy-efficiency-iea-report-74528,"December 04,  2020",https://cdn.downtoearth.org.in/library/small/2017-05-18/0.88862400_1495099835_dig060693.jpg
103,Why SECI auction paints optimistic picture for Indian solar sector,https://www.downtoearth.org.in/news/energy/why-seci-auction-paints-optimistic-picture-for-indian-solar-sector-74402,"November 25,  2020",https://cdn.downtoearth.org.in/library/small/2020-11-25/0.88424600_1606307172_solar.jpg
104,India can push up renewable energy the most after COVID-19: IEA,https://www.downtoearth.org.in/news/energy/india-can-push-up-renewable-energy-the-most-after-covid-19-iea-74214,"November 12,  2020",https://cdn.downtoearth.org.in/library/small/2020-02-04/0.03918800_1580812218_cn1461-31a.jpg
105,Women’s perceptions of cooking fuel hamper transition to clean energy: Study,https://www.downtoearth.org.in/news/energy/women-s-perceptions-of-cooking-fuel-hamper-transition-to-clean-energy-study-74193,"November 11,  2020",https://cdn.downtoearth.org.in/library/small/chhattisgarh/ct000397.jpg
106,India’s non-fossil fuel contribution peak: It’s a seasonal trend,https://www.downtoearth.org.in/news/energy/india-s-non-fossil-fuel-contribution-peak-it-s-a-seasonal-trend-73357,"September 14,  2020",https://cdn.downtoearth.org.in/library/small/2020-09-14/0.64706700_1600082938_image.jpg
107,A sneak-peek into a renewable energy-powered future,https://www.downtoearth.org.in/news/energy/a-sneak-peek-into-a-renewable-energy-powered-future-73351,"September 14,  2020",https://cdn.downtoearth.org.in/library/small/2020-09-14/0.51216700_1600071424_dig034979.jpg
108,"‘Anti-coal lobbying detrimental to developing economies, needs a check’",https://www.downtoearth.org.in/news/energy/-anti-coal-lobbying-detrimental-to-developing-economies-needs-a-check--73326,"September 11,  2020",https://cdn.downtoearth.org.in/library/small/2020-06-16/0.62807400_1592292678_cn1905-20a.jpg
109,Making sense of energy conservation in Jammu and Kashmir,https://www.downtoearth.org.in/news/energy/making-sense-of-energy-conservation-in-jammu-and-kashmir-73308,"September 10,  2020",https://cdn.downtoearth.org.in/library/small/2020-09-10/0.22309300_1599727861_a-part-of-downtown-srinagar-in-kashmir-(photo-credit__athar-parvaiz).jpg
110,Japan to commercialise hydrogen energy transport by 2025,https://www.downtoearth.org.in/news/energy/japan-to-commercialise-hydrogen-energy-transport-by-2025-73301,"September 10,  2020",https://cdn.downtoearth.org.in/library/small/2020-09-10/0.09305100_1599720506_brown-coal.jpg
111,Four agreements signed at meet organised by International Solar Alliance,https://www.downtoearth.org.in/news/energy/four-agreements-signed-at-meet-organised-by-international-solar-alliance-73274,"September 08,  2020",https://cdn.downtoearth.org.in/library/small/2020-09-08/0.11165400_1599578125_new.jpg
112,Japan symposium demands another chance for coal,https://www.downtoearth.org.in/news/energy/japan-symposium-demands-another-chance-for-coal-73261,"September 08,  2020",https://cdn.downtoearth.org.in/library/small/2020-09-08/0.41125200_1599547805_coal1.jpg
113,"Fuel efficiency should be on carmakers to help economy, environment: Study",https://www.downtoearth.org.in/news/energy/fuel-efficiency-should-be-on-carmakers-to-help-economy-environment-study-73219,"September 04,  2020",https://cdn.downtoearth.org.in/library/small/2020-09-04/0.31798300_1599204811_usa-4563622_1920.jpg
114,How smart metering infrastructure can help distressed power sector,https://www.downtoearth.org.in/news/energy/how-smart-metering-infrastructure-can-help-distressed-power-sector-73043,"August 31,  2020",https://cdn.downtoearth.org.in/library/small/2020-08-26/0.70478600_1598434582_power.jpg
115,Pumas adapt behaviour to save energy for mountain survival: Study,https://www.downtoearth.org.in/news/energy/pumas-adapt-behaviour-to-save-energy-for-mountain-survival-study-72938,"August 20,  2020",https://cdn.downtoearth.org.in/library/small/2020-08-20/0.89739600_1597915326_1.jpg
116,"Solar manufacturing road map: India needs to be self-reliant, but worries remain",https://www.downtoearth.org.in/news/energy/solar-manufacturing-road-map-india-needs-to-be-self-reliant-but-worries-remain-72821,"August 14,  2020",https://cdn.downtoearth.org.in/library/small/2020-08-14/0.32604100_1597394361_solar.jpg
117,One Sun One World One Grid project put on hold,https://www.downtoearth.org.in/news/energy/one-sun-one-world-one-grid-project-put-on-hold-72754,"August 11,  2020",https://cdn.downtoearth.org.in/library/small/2020-08-11/0.68264600_1597121514_dig033758.jpg
118,Experts welcome Delhi government’s electric vehicle policy,https://www.downtoearth.org.in/news/energy/experts-welcome-delhi-government-s-electric-vehicle-policy-72717,"August 07,  2020",https://cdn.downtoearth.org.in/library/small/2020-08-07/0.85769000_1596811018_screenshot-(9).png
119,G20 countries bank on fossil fuels for COVID-19 recovery plans: Study,https://www.downtoearth.org.in/news/energy/g20-countries-bank-on-fossil-fuels-for-covid-19-recovery-plans-study-72390,"July 21,  2020",https://cdn.downtoearth.org.in/library/small/2020-07-21/0.38943000_1595307669_power-station-374097_1920.jpg
120,Economic recovery and clean energy transition go together: Ministers at IEA summit,https://www.downtoearth.org.in/news/energy/economic-recovery-and-clean-energy-transition-go-together-ministers-at-iea-summit-72345,"July 17,  2020",https://cdn.downtoearth.org.in/library/small/2020-07-17/0.13821800_1594975493_cetmosaicupdated.jpg
121,Coal’s end: DTE had predicted it in 2017,https://www.downtoearth.org.in/news/energy/coal-s-end-dte-had-predicted-it-in-2017-72153,"July 06,  2020",https://cdn.downtoearth.org.in/library/small/2020-07-06/0.57580600_1594046819_7.jpg
122,Countries move away from coal even as India moves towards it,https://www.downtoearth.org.in/news/energy/countries-move-away-from-coal-even-as-india-moves-towards-it-72145,"July 06,  2020",https://cdn.downtoearth.org.in/library/small/2020-07-06/0.11954900_1594032434_coal-fired-power-plant-coal-energy-wind-edge-wind-energy-energy-production-energy-pinwheel-power-generation-wind-power.jpg
123,Energy security: China has its capital but India can focus on partnerships,https://www.downtoearth.org.in/news/energy/energy-security-china-has-its-capital-but-india-can-focus-on-partnerships-72101,"July 02,  2020",https://cdn.downtoearth.org.in/library/small/2020-07-02/0.38858800_1593700555_5.jpg
124,"Solar power tariff hits record low, sparks worry about coal’s future",https://www.downtoearth.org.in/news/energy/solar-power-tariff-hits-record-low-sparks-worry-about-coal-s-future-72069,"July 01,  2020",https://cdn.downtoearth.org.in/library/small/2020-07-01/0.34866500_1593608818_solar.jpg
125,"Neyveli Lignite boiler blast leaves 6 dead, 17 injured",https://www.downtoearth.org.in/news/energy/neyveli-lignite-boiler-blast-leaves-6-dead-17-injured-72061,"July 01,  2020",https://cdn.downtoearth.org.in/library/small/2020-07-01/0.03486700_1593597256_blast1.jpg
126,"India’s coal power fleets under-utilised, says report, amid auctions",https://www.downtoearth.org.in/news/energy/india-s-coal-power-fleets-under-utilised-says-report-amid-auctions-71993,"June 26,  2020",https://cdn.downtoearth.org.in/library/small/2020-06-26/0.45341200_1593176820_7354572414_f74deaa8bb_k.jpg
127,Solar power lights up Sundarbans island,https://www.downtoearth.org.in/news/energy/solar-power-lights-up-sundarbans-island-71585,"June 05,  2020",https://cdn.downtoearth.org.in/library/small/2020-06-05/0.94957400_1591358355_jamespur-solar-panel-installation-site_2.jpg
128,"COVID-19: Solar power capacity addition falls short of targets, flags report",https://www.downtoearth.org.in/news/energy/covid-19-solar-power-capacity-addition-falls-short-of-targets-flags-report-71500,"June 02,  2020",https://cdn.downtoearth.org.in/library/small/2020-06-02/0.16399200_1591081390_solar-power.jpg
129,Energy access goals need greater effort in post-COVID-19 world: Report,https://www.downtoearth.org.in/news/energy/energy-access-goals-need-greater-effort-in-post-covid-19-world-report-71439,"May 29,  2020",https://cdn.downtoearth.org.in/library/small/2020-05-29/0.77052900_1590736226_cook.jpg
130,COVID-19: Why power sector revival will likely be long haul,https://www.downtoearth.org.in/news/energy/covid-19-why-power-sector-revival-will-likely-be-long-haul-71371,"May 26,  2020",https://cdn.downtoearth.org.in/library/small/2020-05-26/0.17895900_1590480640_power.jpg
131,COVID-19: Why the crisis is different for the crude oil industry,https://www.downtoearth.org.in/news/energy/covid-19-why-the-crisis-is-different-for-the-crude-oil-industry-71271,"May 21,  2020",https://cdn.downtoearth.org.in/library/small/2020-05-21/0.58308200_1590044534_oil.jpg
132,COVID-19 package: Centre may directly pay power producers,https://www.downtoearth.org.in/news/energy/covid-19-package-centre-may-directly-pay-power-producers-71110,"May 14,  2020",https://cdn.downtoearth.org.in/library/small/2020-05-14/0.28437800_1589432210_high-voltage-tower-3606915_1280.jpg
133,"COVID-19: Daily electricity demand dips 15% globally, says report",https://www.downtoearth.org.in/news/energy/covid-19-daily-electricity-demand-dips-15-globally-says-report-70904,"May 05,  2020",https://cdn.downtoearth.org.in/library/small/2020-05-05/0.90898400_1588675175_electricity-pylon-3916954_1920.jpg
134,Why experts want govt to withdraw draft Electricity Bill,https://www.downtoearth.org.in/news/energy/why-experts-want-govt-to-withdraw-draft-electricity-bill-70828,"May 01,  2020",https://cdn.downtoearth.org.in/library/small/2020-05-01/0.48580500_1588312699_power_grid_line_in_maharashtra_near_a_railway_line.jpg
135,"Reliance gets CERC nod to spend Rs 1,663 crore on device to reduce pollution",https://www.downtoearth.org.in/news/energy/reliance-gets-cerc-nod-to-spend-rs-1-663-crore-on-device-to-reduce-pollution-70784,"April 29,  2020",https://cdn.downtoearth.org.in/library/small/2020-04-29/0.34286900_1588168230_45.jpg
136,Will mandates change fate of distributed renewables post COVID-19?,https://www.downtoearth.org.in/news/energy/will-mandates-change-fate-of-distributed-renewables-post-covid-19--70414,"April 13,  2020",https://cdn.downtoearth.org.in/library/small/2020-04-13/0.25401200_1586784266_roof.jpg
137,Fly ash dyke breach in Singrauli points to a bigger problem of fly ash disposal,https://www.downtoearth.org.in/news/energy/fly-ash-dyke-breach-in-singrauli-points-to-a-bigger-problem-of-fly-ash-disposal-70389,"April 11,  2020",https://cdn.downtoearth.org.in/library/small/2020-04-11/0.44754400_1586619613_17.jpg
138,COVID-19: Prolonged lockdown can affect renewable energy sector,https://www.downtoearth.org.in/news/energy/covid-19-prolonged-lockdown-can-affect-renewable-energy-sector-70341,"April 09,  2020",https://cdn.downtoearth.org.in/library/small/2020-04-09/0.66448500_1586439833_tower.jpg
139,COVID-19 will be a roadblock to solar power in India,https://www.downtoearth.org.in/news/energy/covid-19-will-be-a-roadblock-to-solar-power-in-india-70195,"April 02,  2020",https://cdn.downtoearth.org.in/library/small/2020-04-02/0.37849800_1585850738_35.jpg
140,Public money being infused into new coal projects in India: Report,https://www.downtoearth.org.in/news/energy/public-money-being-infused-into-new-coal-projects-in-india-report-70035,"March 27,  2020",https://cdn.downtoearth.org.in/library/small/2020-03-27/0.95605600_1585293884_19.jpg
141,"Amid COVID-19 outbreak, India imports record LNG",https://www.downtoearth.org.in/news/energy/amid-covid-19-outbreak-india-imports-record-lng-69742,"March 12,  2020",https://cdn.downtoearth.org.in/library/small/2020-03-12/0.22782100_1584018506_10.jpg
142,Renewable energy: Why competitive bidding did not help wind power,https://www.downtoearth.org.in/news/energy/renewable-energy-why-competitive-bidding-did-not-help-wind-power-69736,"March 12,  2020",https://cdn.downtoearth.org.in/library/small/2020-03-12/0.17365000_1584010212_wind.jpg
143,Royally ignored: Small hydroelectric projects suffer from solar power rise,https://www.downtoearth.org.in/news/energy/royally-ignored-small-hydroelectric-projects-suffer-from-solar-power-rise-69587,"March 11,  2020",https://cdn.downtoearth.org.in/library/small/2020-03-04/0.86294100_1583314047_p46dlpix-dig044063.jpg
144,Union Budget 2020-21 for power sector: Getting smart meters in 3 years quite a task,https://www.downtoearth.org.in/news/energy/union-budget-2020-21-for-power-sector-getting-smart-meters-in-3-years-quite-a-task-69126,"February 03,  2020",https://cdn.downtoearth.org.in/library/small/2020-02-03/0.57940500_1580719821_sts.png
145,"Union Budget 2020-21: Duty on solar panel, EV imports; relief to green energy cos",https://www.downtoearth.org.in/news/energy/union-budget-2020-21-duty-on-solar-panel-ev-imports-relief-to-green-energy-cos-69102,"February 01,  2020",https://cdn.downtoearth.org.in/library/small/2020-02-01/0.20527700_1580566762_electric_car_recharging.jpg
146,Overshadowed: Will wind power lose out to solar energy in India,https://www.downtoearth.org.in/news/energy/overshadowed-will-wind-power-lose-out-to-solar-energy-in-india-68820,"January 27,  2020",https://cdn.downtoearth.org.in/library/small/2020-01-16/0.95143700_1579157419_p22dlpix-istock-638351728.jpg
147,"‘Waiving off oil, gas exploration clearance could’ve grave consequences’",https://www.downtoearth.org.in/news/energy/-waiving-off-oil-gas-exploration-clearance-could-ve-grave-consequences--68886,"January 20,  2020",https://cdn.downtoearth.org.in/library/small/2020-01-20/0.69209300_1579530648_18.jpg
148,A just transition away from coal is in the offing,https://www.downtoearth.org.in/news/energy/a-just-transition-away-from-coal-is-in-the-offing-68548,"December 24,  2019",https://cdn.downtoearth.org.in/library/small/2019-12-24/0.57097300_1577193345_15.jpg
149,"Battery prices falling sharply, says report",https://www.downtoearth.org.in/news/energy/battery-prices-falling-sharply-says-report-68274,"December 04,  2019",https://cdn.downtoearth.org.in/library/small/2019-12-04/0.67461800_1575454920_17.jpg
150,Renewable energy: Piling dues,https://www.downtoearth.org.in/news/energy/renewable-energy-piling-dues-67846,"November 20,  2019",https://cdn.downtoearth.org.in/library/small/2019-11-20/0.02711900_1574270147_12.jpg
151,IEA projects rapid increase in installed solar capacity by 2040,https://www.downtoearth.org.in/news/energy/iea-projects-rapid-increase-in-installed-solar-capacity-by-2040-67797,"November 18,  2019",https://cdn.downtoearth.org.in/library/small/2019-11-18/0.07316200_1574070746_16.jpg
152,Powerful winds of change: How India can benefit from offshore,https://www.downtoearth.org.in/news/energy/powerful-winds-of-change-how-india-can-benefit-from-offshore-67574,"November 15,  2019",https://cdn.downtoearth.org.in/library/small/2019-11-04/0.03534800_1572857808_p43dlpix-beatrice-offshore-wind-farm1.jpg
153,Blast in Anpara D power station,https://www.downtoearth.org.in/news/energy/blast-in-anpara-d-power-station-67746,"November 14,  2019",https://cdn.downtoearth.org.in/library/small/2019-11-14/0.20910800_1573707476_img-20191113-wa0030.jpg
154,"Powerful winds of change: Supportive policy, better tech help sector globally",https://www.downtoearth.org.in/news/energy/powerful-winds-of-change-supportive-policy-better-tech-help-sector-globally-67573,"November 13,  2019",https://cdn.downtoearth.org.in/library/small/2019-11-13/0.69911800_1573628057_offshore-wind-farm.jpg
155,Powerful winds of change: Offshore wind power has taken off but challenges persist,https://www.downtoearth.org.in/news/energy/powerful-winds-of-change-offshore-wind-power-has-taken-off-but-challenges-persist-67572,"November 12,  2019",https://cdn.downtoearth.org.in/library/small/2019-11-04/0.38199400_1572857405_p32-33dlpix-gettyimages-948490942.jpg
156,Global offshore wind industry to reach $1 trillion business by 2040: Report,https://www.downtoearth.org.in/news/energy/global-offshore-wind-industry-to-reach-1-trillion-business-by-2040-report-67464,"October 28,  2019",https://cdn.downtoearth.org.in/library/small/2019-10-28/0.11048500_1572266359_offshore-wind.jpg
157,IIT Madras inks pact with ExxonMobil to boost biofuel research,https://www.downtoearth.org.in/news/energy/iit-madras-inks-pact-with-exxonmobil-to-boost-biofuel-research-67237,"October 14,  2019",https://cdn.downtoearth.org.in/library/small/2019-10-14/0.53052500_1571059689_biomass.jpg
158,‘Most dam proponents don’t have an address to reach out’,https://www.downtoearth.org.in/news/energy/-most-dam-proponents-don-t-have-an-address-to-reach-out--66781,"September 17,  2019",https://cdn.downtoearth.org.in/library/small/2019-09-17/0.74686000_1568722909_34.jpg
159,National centre for clean coal R&D opened,https://www.downtoearth.org.in/news/energy/national-centre-for-clean-coal-r-d-opened-66752,"September 16,  2019",https://cdn.downtoearth.org.in/library/small/2019-09-16/0.99337500_1568637232_harsh-vardhan.jpg
160,Karnataka’s Pavagada shows a way amid criticism for solar power at UNCCD COP14,https://www.downtoearth.org.in/news/energy/karnataka-s-pavagada-shows-a-way-amid-criticism-for-solar-power-at-unccd-cop14-66586,"September 06,  2019",https://cdn.downtoearth.org.in/library/small/2019-09-06/0.86088000_1567776834_pavagada-solar-park.jpg
161,The climate rollback that irks even oil heavyweights,https://www.downtoearth.org.in/news/energy/the-climate-rollback-that-irks-even-oil-heavyweights-66475,"September 02,  2019",https://cdn.downtoearth.org.in/library/small/2019-09-03/0.78349000_1567505620_gettyimages-939217916-170667a.jpg
162,"Union Budget 2019-20: Power access still in focus, what about solar rooftop?",https://www.downtoearth.org.in/news/energy/union-budget-2019-20-power-access-still-in-focus-what-about-solar-rooftop--65465,"July 05,  2019",https://cdn.downtoearth.org.in/library/small/2019-07-05/0.12235900_1562325416_electricity.jpg
163,New technique can help detect micro cracks in solar panels,https://www.downtoearth.org.in/news/energy/new-technique-can-help-detect-micro-cracks-in-solar-panels-65234,"June 24,  2019",https://cdn.downtoearth.org.in/library/small/2019-06-24/0.67802100_1561371387_pv-crack.png
164,"As renewable energy picks up, nuclear decommissioning market booms",https://www.downtoearth.org.in/news/energy/as-renewable-energy-picks-up-nuclear-decommissioning-market-booms-65209,"June 21,  2019",https://cdn.downtoearth.org.in/library/small/2019-06-21/0.24942000_1561111466_gettyimages-940982728.jpg
165,Will new categorisation of hydropower plants lead to sector's revival?,https://www.downtoearth.org.in/news/energy/will-new-categorisation-of-hydropower-plants-lead-to-sector-s-revival--65074,"June 20,  2019",https://cdn.downtoearth.org.in/library/small/2019-06-20/0.89172500_1561001636_power.jpg
166,Bad policy decisions in 2018 impacted renewable energy growth: Report,https://www.downtoearth.org.in/news/energy/bad-policy-decisions-in-2018-impacted-renewable-energy-growth-report-65137,"June 18,  2019",https://cdn.downtoearth.org.in/library/small/2019-06-18/0.28797400_1560819043_gettyimages-1002720076.jpg
167,How good hydroelectric really is: Non-profit's report calls out sector,https://www.downtoearth.org.in/news/energy/how-good-hydroelectric-really-is-non-profit-s-report-calls-out-sector-65052,"June 12,  2019",https://cdn.downtoearth.org.in/library/small/2019-06-12/0.20467000_1560349407_bhakra.jpg
168,"Kudankulam Away from Reactor storage: Locals want MPs, MLAs at public hearing",https://www.downtoearth.org.in/news/energy/kudankulam-away-from-reactor-storage-locals-want-mps-mlas-at-public-hearing-65021,"June 11,  2019",https://cdn.downtoearth.org.in/library/small/2019-06-11/0.42949000_1560237318_1200px-kudankulam_nuclear_power_plant_unit_1_and_2.jpg
169,IEA pitches for favourable policy interventions to push lagging nuclear sector,https://www.downtoearth.org.in/news/energy/iea-pitches-for-favourable-policy-interventions-to-push-lagging-nuclear-sector-64824,"May 30,  2019",https://cdn.downtoearth.org.in/library/small/2019-05-30/0.89965000_1559202132_nuke.jpg
170,Can Nigeria kill the fuel subsidy?,https://www.downtoearth.org.in/news/energy/can-nigeria-kill-the-fuel-subsidy--64682,"May 22,  2019",https://cdn.downtoearth.org.in/library/small/2019-05-22/0.07515800_1558521360_nig.jpg
171,Scientists meeting in France seek more funds for nuclear energy,https://www.downtoearth.org.in/news/energy/scientists-meeting-in-france-seek-more-funds-for-nuclear-energy-64552,"May 15,  2019",https://cdn.downtoearth.org.in/library/small/2020-01-15/0.19789600_1579081259_18.jpg
172,India witnesses fastest energy investment growth: IEA,https://www.downtoearth.org.in/news/energy/india-witnesses-fastest-energy-investment-growth-iea-64531,"May 14,  2019",https://cdn.downtoearth.org.in/library/small/2019-05-14/0.92545400_1557834398_sol.jpg
173,Burden of relief: The cost of letting captive plants off green power grid,https://www.downtoearth.org.in/news/energy/burden-of-relief-the-cost-of-letting-captive-plants-off-green-power-grid-64220,"May 14,  2019",https://cdn.downtoearth.org.in/library/small/2019-01-18/0.07450700_1547802650_solar.jpg
174,Zambia awards solar capacity at record low tariff,https://www.downtoearth.org.in/news/energy/zambia-awards-solar-capacity-at-record-low-tariff-64364,"May 06,  2019",https://cdn.downtoearth.org.in/library/small/2019-05-06/0.99949100_1557147847_new-2.jpg
175,Chandigarh holds on to the dream of becoming a solar city,https://www.downtoearth.org.in/news/energy/chandigarh-holds-on-to-the-dream-of-becoming-a-solar-city-64310,"May 03,  2019",https://cdn.downtoearth.org.in/library/small/2019-05-03/0.63522000_1556875736_solarch.jpg
176,Gujarat villages need subsidy for biogas. But there's no one to pay,https://www.downtoearth.org.in/news/energy/gujarat-villages-need-subsidy-for-biogas-but-there-s-no-one-to-pay-64306,"May 03,  2019",https://cdn.downtoearth.org.in/library/small/2019-05-03/0.41946100_1556866683_biogas.jpg
177,Rare radioactive decay captured by dark matter detector,https://www.downtoearth.org.in/news/energy/rare-radioactive-decay-captured-by-dark-matter-detector-64203,"April 26,  2019",https://cdn.downtoearth.org.in/library/small/2019-04-26/0.22662800_1556282790_dark.jpg
178,Taxing Renewable Energy Certificates — Yay or Nay?,https://www.downtoearth.org.in/news/energy/taxing-renewable-energy-certificates-yay-or-nay--64072,"April 19,  2019",https://cdn.downtoearth.org.in/library/small/2019-04-19/0.64519400_1555655092_re.jpg
179,Tamil Nadu power regulator orders against solar output cut,https://www.downtoearth.org.in/news/energy/tamil-nadu-power-regulator-orders-against-solar-output-cut-63957,"April 12,  2019",https://cdn.downtoearth.org.in/library/small/2019-04-12/0.08542500_1555067688_0.jpg
180,First-ever global coalition for clean cooling launched,https://www.downtoearth.org.in/news/energy/first-ever-global-coalition-for-clean-cooling-launched-63850,"April 05,  2019",https://cdn.downtoearth.org.in/library/small/2019-04-05/0.83510100_1554448847_ac.jpg
181,"Govt admits refilling LPG cylinders under Ujjwala a challenge, plans a new scheme",https://www.downtoearth.org.in/news/energy/govt-admits-refilling-lpg-cylinders-under-ujjwala-a-challenge-plans-a-new-scheme-63835,"April 04,  2019",https://cdn.downtoearth.org.in/library/small/2019-04-04/0.32207900_1554377142_lpg1.jpg
182,Financial support stands between MSME sector and rooftop solar: Report,https://www.downtoearth.org.in/news/energy/financial-support-stands-between-msme-sector-and-rooftop-solar-report-63820,"April 03,  2019",https://cdn.downtoearth.org.in/library/small/2019-04-03/0.71089400_1554296248_solar-panels-3507947_1920.jpg
183,Scientists find new dimension to dynamics of Indian Ocean,https://www.downtoearth.org.in/news/energy/scientists-find-new-dimension-to-dynamics-of-indian-ocean-63816,"April 03,  2019",https://cdn.downtoearth.org.in/library/small/2019-04-03/0.06812600_1554292419_ocean-3395598_1920.jpg
184,"Technology advancement not matching energy demand, leading to emissions: report",https://www.downtoearth.org.in/news/energy/technology-advancement-not-matching-energy-demand-leading-to-emissions-report-63738,"March 27,  2019",https://cdn.downtoearth.org.in/library/small/2019-03-27/0.57519100_1553699263_78.jpg
185,Why Andhra power regulator’s steps should worry renewable sector,https://www.downtoearth.org.in/news/energy/why-andhra-power-regulator-s-steps-should-worry-renewable-sector-63466,"March 06,  2019",https://cdn.downtoearth.org.in/library/small/2019-03-06/0.65212200_1551861435_ap.jpg
186,Project launched to convert high-ash coal into methanol,https://www.downtoearth.org.in/news/energy/project-launched-to-convert-high-ash-coal-into-methanol-63357,"February 25,  2019",https://cdn.downtoearth.org.in/library/small/2019-02-25/0.77495200_1551097769_gettyimages-874895414.jpg
187,"Cabinet panel clears Rs 11,000 crore for rooftop solar programme",https://www.downtoearth.org.in/news/energy/cabinet-panel-clears-rs-11-000-crore-for-rooftop-solar-programme-63307,"February 21,  2019",https://cdn.downtoearth.org.in/library/small/2019-02-21/0.39079400_1550734382_srt.jpg
188,"Cabinet panel nod to over Rs 8,000 crore for solar projects",https://www.downtoearth.org.in/news/energy/cabinet-panel-nod-to-over-rs-8-000-crore-for-solar-projects-63184,"February 08,  2019",https://cdn.downtoearth.org.in/library/small/2019-02-08/0.59342400_1549618682_solar.jpg
189,Powerless firms,https://www.downtoearth.org.in/news/energy/powerless-firms-63075,"February 08,  2019",https://cdn.downtoearth.org.in/library/small/2019-02-08/0.90393400_1549606484_power.jpg
190,Bye-bye Pumpjack? Report says renewable energy to power geopolitics,https://www.downtoearth.org.in/news/energy/bye-bye-pumpjack-report-says-renewable-energy-to-power-geopolitics-62939,"January 23,  2019",https://cdn.downtoearth.org.in/library/small/2019-01-23/0.58723700_1548245051_final.jpg
191,‘India’s renewable energy plan lacks vision’,https://www.downtoearth.org.in/news/energy/-india-s-renewable-energy-plan-lacks-vision--62929,"January 23,  2019",https://cdn.downtoearth.org.in/library/small/2019-01-23/0.05874200_1548226445_renew.jpg
192,Why solar rooftop project failed to take off,https://www.downtoearth.org.in/news/energy/why-solar-rooftop-project-failed-to-take-off-62922,"January 22,  2019",https://cdn.downtoearth.org.in/library/small/2019-01-22/0.88294100_1548159994_solar.jpg
193,'Govt must learn from its failure before launching UDAY 2',https://www.downtoearth.org.in/news/energy/-govt-must-learn-from-its-failure-before-launching-uday-2--62912,"January 22,  2019",https://cdn.downtoearth.org.in/library/small/2019-01-22/0.77416500_1548145206_gettyimages-1041304292.jpg
194,International Solar Alliance plans bank to fund energy access,https://www.downtoearth.org.in/news/energy/international-solar-alliance-plans-bank-to-fund-energy-access-62894,"January 21,  2019",https://cdn.downtoearth.org.in/library/small/2019-01-21/0.17395800_1548058127_solarpanel.jpg
195,Renewable energy in India: Tamil Nadu one of the world’s top 9 green power markets,https://www.downtoearth.org.in/news/energy/renewable-energy-in-india-tamil-nadu-one-of-the-world-s-top-9-green-power-markets-62887,"January 20,  2019",https://cdn.downtoearth.org.in/library/small/2019-01-20/0.84750300_1547975397_gettyimages-599965448.jpg
196,"Renewable energy in India: In 33 years, India struggled to exploit just 12% of its wind energy potential",https://www.downtoearth.org.in/news/energy/renewable-energy-in-india-in-33-years-india-struggled-to-exploit-just-12-of-its-wind-energy-potential-62885,"January 19,  2019",https://cdn.downtoearth.org.in/library/small/2019-01-19/0.47141200_1547890029_wind.jpg
197,Renewable energy in India: why rooftop remains the most untapped solar source,https://www.downtoearth.org.in/news/energy/renewable-energy-in-india-why-rooftop-remains-the-most-untapped-solar-source-62873,"January 18,  2019",https://cdn.downtoearth.org.in/library/small/2019-01-18/0.07450700_1547802650_solar.jpg
198,"In LPG age, cow dung cake makers are still painting the town brown",https://www.downtoearth.org.in/news/energy/in-lpg-age-cow-dung-cake-makers-are-still-painting-the-town-brown-62861,"January 17,  2019",https://cdn.downtoearth.org.in/library/small/2019-01-17/0.45252100_1547728130_gettyimages-480524527.jpg
199,"Lack of gas, high cost 'stranded' more than half of India's gas-based power plants",https://www.downtoearth.org.in/news/energy/lack-of-gas-high-cost-stranded-more-than-half-of-india-s-gas-based-power-plants-62854,"January 17,  2019",https://cdn.downtoearth.org.in/library/small/2019-01-17/0.38116100_1547723062_gas.jpg
200,Vedanta exploration sanction: Is ONGC meeting Tripura’s natural gas needs?,https://www.downtoearth.org.in/news/energy/vedanta-exploration-sanction-is-ongc-meeting-tripura-s-natural-gas-needs--62689,"January 04,  2019",https://cdn.downtoearth.org.in/library/small/2019-01-04/0.73677900_1546602007_natural-gas-863226_1920.jpg
201,Modi govt may tweak SEZ rules to power up Adani Group,https://www.downtoearth.org.in/news/energy/modi-govt-may-tweak-sez-rules-to-power-up-adani-group-62682,"January 04,  2019",https://cdn.downtoearth.org.in/library/small/2019-01-04/0.98194400_1546584637_gettyimages-967274870.jpg
202,"1.5 crore people didn’t avail Ujjwala loan benefit, 1.2 crore didn’t go for refill",https://www.downtoearth.org.in/news/energy/1-5-crore-people-didn-t-avail-ujjwala-loan-benefit-1-2-crore-didn-t-go-for-refill-62660,"January 02,  2019",https://cdn.downtoearth.org.in/library/small/2019-01-02/0.35748700_1546437138_gettyimages-886064730.jpg
203,Is 100% electrification another myth before polls?,https://www.downtoearth.org.in/news/energy/is-100-electrification-another-myth-before-polls--62653,"January 02,  2019",https://cdn.downtoearth.org.in/library/small/2019-01-02/0.60747000_1546428188_for-carousel-(23).jpg
204,Rewind 2018: Was renewable energy in power?,https://www.downtoearth.org.in/news/energy/rewind-2018-was-renewable-energy-in-power--62612,"December 27,  2018",https://cdn.downtoearth.org.in/library/small/2018-12-27/0.68081000_1545919952_carousel1.jpg
205,Authorities move a step closer to mining the Aravallis for uranium,https://www.downtoearth.org.in/news/energy/authorities-move-a-step-closer-to-mining-the-aravallis-for-uranium-62599,"December 26,  2018",https://cdn.downtoearth.org.in/library/small/2018-12-26/0.69529600_1545827215_gettyimages-1071551922.jpg
206,US engineers design heating patches that can be sewn into clothes,https://www.downtoearth.org.in/news/energy/us-engineers-design-heating-patches-that-can-be-sewn-into-clothes-62489,"December 14,  2018",https://cdn.downtoearth.org.in/library/small/2018-12-14/0.64961300_1544782490_thermo.jpg
207,"Africa faces vast rural-urban gap in access to power, clean cooking",https://www.downtoearth.org.in/news/energy/africa-faces-vast-rural-urban-gap-in-access-to-power-clean-cooking-62485,"December 14,  2018",https://cdn.downtoearth.org.in/library/small/2018-12-14/0.93207700_1544774164_for-carousel-(15).jpg
208,"Public hearings on Kaiga nuclear plant expansion, but what are the risks?",https://www.downtoearth.org.in/news/energy/public-hearings-on-kaiga-nuclear-plant-expansion-but-what-are-the-risks--62464,"December 12,  2018",https://cdn.downtoearth.org.in/library/small/2018-12-12/0.17274500_1544616235_for-carousel-(12).jpg
209,Costa Rica beating its own records on renewable energy usage,https://www.downtoearth.org.in/news/energy/costa-rica-beating-its-own-records-on-renewable-energy-usage-62431,"December 10,  2018",https://cdn.downtoearth.org.in/library/small/2018-12-10/0.44077200_1544433437_for-carousel.jpg
210,If you thought global emissions had peaked you were wrong,https://www.downtoearth.org.in/news/energy/if-you-thought-global-emissions-had-peaked-you-were-wrong-62415,"December 07,  2018",https://cdn.downtoearth.org.in/library/small/2018-12-07/0.84819000_1544179540_for-carousel-(8).jpg